{"eval_loss": 2.7356247901916504, "eval_accuracy": 0.454091340303421, "eval_runtime": 9.6766, "eval_samples_per_second": 434.45, "eval_steps_per_second": 54.358}