{"eval_loss": 0.24433453381061554, "eval_accuracy": 0.940057098865509, "eval_runtime": 6.8415, "eval_samples_per_second": 614.488, "eval_steps_per_second": 76.884}