{"eval_loss": 0.5675817131996155, "eval_accuracy": 0.8639504313468933, "eval_runtime": 15.3651, "eval_samples_per_second": 640.543, "eval_steps_per_second": 80.117}