{"eval_loss": 0.3796271085739136, "eval_accuracy": 0.8947368264198303, "eval_runtime": 14.4107, "eval_samples_per_second": 682.964, "eval_steps_per_second": 85.422}