{"eval_loss": 0.3796271085739136, "eval_accuracy": 0.8947368264198303, "eval_runtime": 14.6417, "eval_samples_per_second": 672.188, "eval_steps_per_second": 84.075}