{"eval_loss": 0.5352553725242615, "eval_accuracy": 0.8577494621276855, "eval_runtime": 5.3153, "eval_samples_per_second": 620.28, "eval_steps_per_second": 77.7}