{"eval_loss": 0.24433456361293793, "eval_accuracy": 0.940057098865509, "eval_runtime": 6.8735, "eval_samples_per_second": 611.623, "eval_steps_per_second": 76.526}